"wt1","wt2","wt3","wt4","wt5","wt6","wt7","wt8","wt9","validation1","validation2","average"
0,2,8,0.5,0,0,0,8,1,0.012472,0.00597,0.009221
0,2,8,0.5,0.25,0,0,8,1,0.012101,0.006002,0.0090515
0,2,8,0.5,0.5,0,0,8,1,0.011888,0.005839,0.0088635
0,2,8,0.5,1,0,0,8,1,0.011662,0.005486,0.008574
0,2,8,0.5,2,0,0,8,1,0.011071,0.005336,0.0082035
0,2,8,0.5,4,0,0,8,1,0.00914,0.005172,0.007156
