"wt1","wt2","wt3","wt4","wt5","wt6","wt7","wt8","wt9","validation1","validation2","average"
0,2,2,0,1,0,0,8,1,0.009591,0.005309,0.00745
0,2,2,0,1,0.5,0,8,1,0.009529,0.00516,0.0073445
0,2,2,0,1,1,0,8,1,0.008418,0.004973,0.0066955
0,2,2,0,1,0,0.5,8,1,0.005461,0.004523,0.004992
0,2,2,0,1,0.5,0.5,8,1,0.005616,0.004392,0.005004
0,2,2,0,1,1,0.5,8,1,0.00552,0.004144,0.004832
0,2,2,0,1,0,1,8,1,0.003932,0.003345,0.0036385
0,2,2,0,1,0.5,1,8,1,0.003908,0.003141,0.0035245
0,2,2,0,1,1,1,8,1,0.003864,0.003083,0.0034735
