"wt1","wt2","wt3","wt4","wt5","wt6","wt7","wt8","wt9","validation1","validation2","average"
0,2,32,32,1,0,0,8,1,0.01542,0.005811,0.0106155
0,2,64,32,1,0,0,8,1,0.018171,0.005244,0.0117075
0,2,128,32,1,0,0,8,1,0.017313,0.004154,0.0107335
0,2,32,64,1,0,0,8,1,0.010072,0.005783,0.0079275
0,2,64,64,1,0,0,8,1,0.015173,0.005577,0.010375
0,2,128,64,1,0,0,8,1,0.018016,0.004462,0.011239
0,2,32,128,1,0,0,8,1,0.008162,0.005704,0.006933
0,2,64,128,1,0,0,8,1,0.009085,0.005522,0.0073035
0,2,128,128,1,0,0,8,1,0.013768,0.005039,0.0094035
