"wt1","wt2","wt3","wt4","wt5","wt6","wt7","wt8","wt9","validation1","validation2","average","submission"
0,2,32,32,1,0,0,8,1,0.01542,0.005811,0.0106155,0.0081
0,2,32,2,1,0,0,8,1,0.013634,0.00568,0.009657,0.00799
0,2,16,0.5,1,0,0,8,1,0.012805,0.005639,0.009222,0.0078
0,2,64,32,1,0,0,8,1,0.018171,0.005244,0.0117075,0.00746
